lrs,losses
9.999999974752427e-7,0.9207943081855774
0.0000010525002380745718,0.920918123288587
0.0000011077568160544615,0.9222965613220385
0.0000011659143410724937,0.9228319596522071
0.0000012271251534912153,0.9236404366271439
0.0000012915495517518139,0.92408712457503
0.0000013593562471214682,0.924580150953411
0.0000014307228184406995,0.9249249502633351
0.000001505836166870722,0.9250781335771328
0.0000015848929706407944,0.9253225143249197
0.0000016681002534824074,0.925640280140801
0.0000017556759530634736,0.9259862137322954
0.0000018478493757356773,0.9262671221923431
0.0000019448618786555016,0.926547889559676
0.000002046967665592092,0.926805535970965
0.000002154434014300932,0.9269810567482575
0.0000022675424133922206,0.9271396968768957
0.0000023865889033913845,0.927287750323276
0.000002511885440981132,0.9274004090916335
0.0000026437601263751276,0.9274571891428735
0.000002782558112812694,0.9275438467266848
0.000002928643198174541,0.9276609384753651
0.000003082397597609088,0.9277507114445986
0.0000032442242172692204,0.9277907879163566
0.0000034145468816859648,0.9274801905564506
0.000003593811470636865,0.9270190153669748
0.0000037824875107617117,0.9265368185502953
0.000003981068857683567,0.9261150966243158
0.000004190075742371846,0.9256601780278072
0.000004410055680637015,0.9251830406217316
0.000004641584837372648,0.9247089118686728
0.000004885269390797475,0.9242375394461665
0.000005141747351444792,0.9239500158616245
0.000005411690381151857,0.9236697870088391
0.000005695805612049298,0.9233615808618736
0.000005994837010803167,0.923058960373955
0.000006309567652351689,0.9227961512530101
0.00000664082153889467,0.922573875131857
0.000006989466328377603,0.9223443502992631
0.000007356415153481066,0.9220894525838497
0.000007742628440610133,0.9218238163440388
0.000008149118002620526,0.921586180584276
0.00000857694885780802,0.9213850512689311
0.000009027240594150499,0.9211465557744297
0.00000950117282627616,0.9208871444675312
0.000009999987014452927,0.9206063913902539
0.000010524989193072543,0.9203421329628118
0.000011077553608629387,0.9200493824095916
0.000011659128176688682,0.9187933102720807
0.000012271235391381197,0.9176515414228585
0.000012915478691866156,0.9165528983694232
0.000013593544281320646,0.9155119694627335
0.000014307208402897231,0.9144598711136646
0.000015058340068208054,0.9133958416686572
0.00001584890742378775,0.9123502115195985
0.000016680978660588153,0.9113598891962189
0.000017556734746904112,0.9103910199458698
0.000018478467609384097,0.9094277034545787
0.000019448591046966612,0.908588892064818
0.00002046964618784841,0.9077328399586972
0.000021544306946452707,0.9068578154133443
0.000022675389118376188,0.9060282666416666
0.000023865852199378423,0.9051555703180554
0.000025118815756286494,0.9043078789215863
0.000026437559426994994,0.9034492376859689
0.000027825537472381257,0.9025672507530239
0.000029286384233273566,0.9016773650854102
0.00003082392504438758,0.9007949276740447
0.00003244218896725215,0.8999013220933535
0.000034145410609198734,0.898997517579189
0.00003593805377022363,0.8980898583634647
0.00003782481144298799,0.8971555070482821
0.00003981062400271185,0.8951186999536646
0.00004190069012111053,0.8930035788442079
0.00004410048495628871,0.8909365799990274
0.000046415771066676825,0.888896496438037
0.00004885260932496749,0.886828618371208
0.000051417384383967146,0.8847026741532547
0.00005411680831457488,0.8825905809674358
0.00005695795334759168,0.8805483007679871
0.00005994825914967805,0.878529635580631
0.00006309555465122685,0.876536738281965
0.00006640808715019375,0.874520113188539
0.00006989452958805487,0.8725502671454772
0.00007356401329161599,0.8705595138220127
0.00007742614252492785,0.8685761364215221
0.00008149103086907417,0.8666205164000458
0.00008576933032600209,0.8646380662841566
0.00009027223859447986,0.8626596123553185
0.00009501155000180006,0.8607164484444662
0.00009999967733165249,0.8587838644211516
0.00010524968820391223,0.8568304072341626
0.00011077531962655485,0.8549133099549553
0.00011659105075523257,0.8529861240458992
0.0001227121101692319,0.8510489216921255
0.00012915451952721924,0.8490795901263882
0.0001359351590508595,0.8457648721927169
0.00014307178207673132,0.8425253215274628
0.00015058308781590313,0.8393805053361378
0.00015848873590584844,0.8362291846223381
0.00016680943372193724,0.8330252877939869
0.00017556696548126638,0.8297868788199305
0.000184784279554151,0.8265488383925884
0.00019448550301603973,0.8233212824947979
0.0002046960435109213,0.8201770642106504
0.00021544263290707022,0.8170830179460609
0.00022675342916045338,0.8140391437044417
0.0002386580454185605,0.8109891410984406
0.00025118765188381076,0.8080391013978955
0.0002643750631250441,0.8051161299268668
0.0002782548253890127,0.8022933814820977
0.0002928632602561265,0.7994551664622026
0.00030823866836726665,0.796645533162252
0.0003244212712161243,0.7938848182439402
0.0003414534730836749,0.7911314291224822
0.0003593798610381782,0.7884013658114667
0.0003782473795581609,0.7856980812191574
0.00039810544694773853,0.7830491912503519
0.00041900607175193727,0.7804253040297154
0.00044100399827584624,0.7778423284651077
0.0004641568229999393,0.7739746957646105
0.0004885251983068883,0.769901603296291
0.000514172890689224,0.7661364027310714
0.0005411671008914709,0.7623806738643892
0.000569578493013978,0.758658158105884
0.0005994815146550536,0.7549448584486806
0.0006309544551186264,0.7512614069758083
0.0006640797364525497,0.7477043849119142
0.0006989440880715847,0.7440838674972282
0.0007356388377957046,0.7405102226213897
0.0007742600864730775,0.7369964953033026
0.0008149089408107102,0.7334884059340371
0.0008576918626204133,0.7300039766120142
0.0009027209016494453,0.7265471826392579
0.0009501139866188169,0.7230898697555027
0.0009999951580539346,0.7196358787894294
0.001052495208568871,0.716267817241094
0.001107751508243382,0.7128716501697513
0.0011659087613224983,0.7094770828134455
0.0012271192390471697,0.7061082471184581
0.0012915432453155518,0.7027140826718382
0.0013593495823442936,0.6993262478163569
0.0014307157834991813,0.6959805214389597
0.001505828695371747,0.6926542531727244
0.0015848850598558784,0.6877518866636657
0.0016680918633937836,0.6826706419375075
0.0017556671518832445,0.6773770086848468
0.0018478401470929384,0.6722929268438019
0.0019448521779850125,0.6672565147463047
0.002046957379207015,0.662334872424099
0.0021544231567531824,0.6575505388779702
0.0022675308864563704,0.6528843317184169
0.0023865767288953066,0.6482352029095486
0.0025118726771324873,0.6436956820985728
0.002643746556714177,0.6392300634187753
0.0027825438883155584,0.6348362814419972
0.002928628120571375,0.6306441222261177
0.00308238179422915,0.6265146886736044
0.0032442077063024044,0.6224523134840747
0.003414529375731945,0.6184261814709865
0.0035937929060310125,0.614487783854197
0.0037824679166078568,0.6106603124589984
0.0039810482412576675,0.6068989740695316
0.004190054256469011,0.6032235315564866
0.004410033114254475,0.5996347057725184
0.004641560837626457,0.5961255479980789
0.004885243717581034,0.5926810401446017
0.005141720175743103,0.5892893225349081
0.005411661695688963,0.5854774734361871
0.005695775151252747,0.581730995006569
0.005994804669171572,0.5778153141139212
0.00630953349173069,0.5741767629829886
0.006640785373747349,0.5706260600250961
0.00698942830786109,0.5669736597355928
0.007356374990195036,0.5632975355566376
0.007742586545646191,0.5598158296016499
0.008149074390530586,0.5563792323305518
0.008576902560889721,0.5529396355958639
0.009027192369103432,0.549639448865908
0.009501121938228607,0.5463962033381262
0.009999933652579784,0.5432462566533011
0.010524932295084,0.5401871642167331
0.01107749342918396,0.5371509424538721
0.011659064330160618,0.534182376129702
0.01227116771042347,0.5312956192607339
0.012915407307446003,0.5285051770609366
0.013593469746410847,0.5258098650621584
0.014307130128145218,0.5231846120601022
0.01505825761705637,0.5206331882879066
0.01584881916642189,0.5181151366915621
0.0166808869689703,0.5156569107847071
0.01755663752555847,0.5132674650265963
0.01847836561501026,0.5108982969084469
0.01944848522543907,0.508409522859373
0.020469535142183304,0.5059404818841943
0.021544190123677254,0.5033871101210006
0.02267526462674141,0.5008752476417422
0.023865722119808197,0.4984634157652374
0.02511867880821228,0.4961618578604046
0.026437414810061455,0.49384914634310334
0.027825385332107544,0.4916419947154493
0.029286224395036697,0.4894892951208717
0.030823757871985435,0.4874197112524793
0.032442014664411545,0.48541493983797673
0.03414522856473923,0.48350535108699844
0.03593786060810089,0.48164643485319175
0.0378246083855629,0.4798734082379964
0.039810407906770706,0.4781642543987513
0.04190046340227127,0.4765185852687398
0.04410024732351303,0.47490733548117997
0.04641552269458771,0.4733639781603588
0.0488523505628109,0.4718436442720959
0.05141711235046387,0.47039159195187863
0.05411652475595474,0.46899302962341705
0.056957654654979706,0.46764970459247596
0.059947945177555084,0.46639379635006517
0.06309522688388824,0.46479418923844834
0.06640774011611938,0.4636033773980461
0.06989416480064392,0.46227547776339023
0.07356362789869308,0.46105655000709383
0.07742573320865631,0.46001850248222353
0.08149060606956482,0.45897156233383574
0.08576888591051102,0.4580062170633515
0.09027177095413208,0.4570324198597125
0.09501106292009354,0.4560430791439098
0.09999916702508926,0.4551436232216118
0.10524915158748627,0.4542568960732472
0.11077475547790527,0.45341479361773135
0.1165904551744461,0.45253056175504525
0.12271147966384888,0.45172948722731127
0.12915386259555817,0.4509861627065742
0.1359344720840454,0.4503656811618669
0.14307107031345367,0.4498113186953196
0.15058234333992004,0.4493295601644248
0.1584879606962204,0.44889565848550184
0.166808620095253,0.44854752581768026
0.17556610703468323,0.4482712097058077
0.18478336930274963,0.44802261119155173
0.19448454678058624,0.4477705563731426
0.20469503104686737,0.44753617290974523
0.21544156968593597,0.4475509467145983
0.22675231099128723,0.4474683423265845
0.23865686357021332,0.4473945863299449
0.25118640065193176,0.447294684718801
0.2643737494945526,0.44722877352471985
0.278253436088562,0.4472011621807405
0.29286181926727295,0.4471247763843105
0.30823713541030884,0.4470771122107766
0.32441964745521545,0.44709408855952937
0.3414517641067505,0.4472078135506255
0.35937806963920593,0.4474246302754451
0.3782455027103424,0.44765233110606373
0.3981034755706787,0.4479890273708044
0.41900399327278137,0.4485622974890428
0.4410018026828766,0.449386413853025
0.46415451169013977,0.45038786488857013
0.4885227382183075,0.4514301715412427
0.5141702890396118,0.45248278008555126
0.5411643385887146,0.4535662497393849
0.5695756077766418,0.4549564722959098
0.5994784832000732,0.4564179826882941
0.6309512257575989,0.45796912903980946
0.6640763282775879,0.4595504220449473
0.6989405155181885,0.46140316389337327
0.7356350421905518,0.4636637379942761
0.7742560505867004,0.46570027276003834
0.8149046897888184,0.46733266536845414
0.8576874136924744,0.46870202886194134
0.9027162194252014,0.4699021690636247
0.95010906457901,0.4709923107649352
0.9999900460243225,0.47202344006177965
1.0524897575378418,0.4729807690204323
1.1077457666397095,0.47395630983309234
1.1659027338027954,0.47491034304060387
1.227112889289856,0.4758521623601205
1.291536569595337,0.47677274135974435
1.3593425750732422,0.4777128546770739
1.430708408355713,0.4786911513134778
1.5058209896087646,0.47963554579078854
1.5848770141601562,0.4805499379974283
1.6680834293365479,0.4813954015663866
1.7556582689285278,0.48221775385754345
1.8478307723999023,0.4830270035936682
1.9448423385620117,0.4838664909305619
2.0469470024108887,0.48470360608280705
2.154412269592285,0.4855229842447274
2.267519474029541,0.4863220346582977
2.3865647315979004,0.48709692044824215
2.511859893798828,0.48830886195674184
2.643733263015747,0.48925785289862644
2.782529830932617,0.4900415197948721
2.9286134243011475,0.4905406891444629
3.082366466522217,0.4910224397611746
3.2441914081573486,0.4914289402736745
3.4145121574401855,0.49173895067822426
3.5937747955322266,0.49209716900033
3.7824487686157227,0.4926446013775616
3.9810283184051514,0.49320960597644864
4.190033435821533,0.4937761900117641
4.410011291503906,0.49441304574126244
4.641538143157959,0.4950593733333822
4.885220050811768,0.4956839413507447
5.141695499420166,0.4962580720724078
5.411635875701904,0.4968621858981749
5.695748329162598,0.49743924517117266
5.994776725769043,0.49807050543332926
6.30950403213501,0.4986999850694243
6.640754699707031,0.49931372371029553
6.989396095275879,0.4999379896219652
7.3563408851623535,0.5005579261700175
7.742550373077393,0.5011713851472455
8.149036407470703,0.5018052778098652
8.576863288879395,0.5032938290640593
9.027151107788086,0.5045473041427723
9.501078605651855,0.5057517464760053
9.999887466430664,0.5068810626436078
10.524884223937988,0.5080620452367282
11.07744312286377,0.5093459263969625
11.659011840820312,0.5105329989855814
12.271112442016602,0.5117791430489089
12.915349006652832,0.5130242383962529
13.59340763092041,0.5144904040701409
14.3070650100708,0.5160022712743858
15.058189392089844,0.5175791495406347
15.848748207092285,0.5191331985343031
16.680810928344727,0.5207809031843211
17.556556701660156,0.5225560264288857
18.478281021118164,0.5243742903915654
19.448394775390625,0.5262174050134657
20.469440460205078,0.5280753150728582
21.544090270996094,0.5300510981739618
22.675159454345703,0.5321026139328521
23.865610122680664,0.5342682294780456
25.118560791015625,0.5365714064813338
26.437292098999023,0.5389455168131075
27.82525634765625,0.5416631609375736
29.286088943481445,0.5485981481113101
30.82361602783203,0.5551020712580008
32.441864013671875,0.563099261205297
34.14506912231445,0.5719967342559773
35.93769454956055,0.5825738393297496
37.824432373046875,0.5934838406923892
39.81022262573242,0.6044858875394727
41.9002685546875,0.6153826546915581
44.10004425048828,0.626657703290304
46.415306091308594,0.6400171770797132
48.85211944580078,0.6539218707481429
51.416866302490234,0.6696242896215554
54.11626434326172,0.6862151372963988
56.95738220214844,0.7037351935027326
59.94765853881836,0.7231361505547376
63.09492492675781,0.7440230250124666
66.40742492675781,0.7678670715598841
69.89382934570312,0.7934719164660639
73.56327056884766,0.8213204215100407
77.42536163330078,0.8517888303355722
81.4902114868164,0.8853429013208731
85.76847076416016,0.9213635320055255
90.2713394165039,0.9605631191469165
95.01060485839844,1.001494763280466
